A: policy_name,B: policy_url,C: policy_year,D: policy_objective,E: policy_target,F: policy_target_text,G: policy_type,H: policy_type_justification,I: policy_integration,J: policy_sectors_list,K: policy_circularity,L: policy_lifecycle_phases_list,M: policy_budget,N: policy_budget_text,O: policy_score,P: instrument_type,Q: instrument_lifecycle_stage,R: instrument_description,S: instrument_in_force,T: instrument_implementation,U: instrument_implementation_text,V: instrument_score,W: comments
"Solid Waste Management Act, 2068 (2011) (फोहरमैला व्यवस्थापन ऐन, २०६८)",https://faolex.fao.org/docs/pdf/nep137767.pdf,2019,"Preamble: to manage solid waste in a systematic and effective way by minimising it at source, reusing, processing, or properly disposing of it, and to maintain a clean and healthy environment by reducing the adverse effects that waste can have on public health and the environment, through an amended and consolidated law on solid waste management as an essential public service (""फोहरमैलालाई स्रोतमा न्यूनीकरण, पुनः प्रयोग, प्रशोधन वा विसर्जन गरी फोहरमैलाको व्यवस्थित तथा प्रभावकारी व्यवस्थापन गर्न तथा फोहरमैलाबाट जनस्वास्थ्य तथा वातावरणमा पर्न सक्ने प्रतिकूल प्रभावलाई कम गरी स्वच्छ तथा स्वस्थ वातावरण कायम गर्नका लागि फोहरमैला व्यवस्थापन जस्तो अत्यन्त जरुरी सेवा सम्बन्धी कानूनलाई संशोधन र एकीकरण गर्न वाञ्छनीय भएकोले...""). The Act is Nepal's core solid-waste legislation and provides the primary domestic legal basis for regulating plastic waste specifically through Section 38(nna)'s power to ban the production, sale and distribution of Gazette-notified 'excessive-waste-generating' goods (the legal basis used in practice for Nepal's thin-plastic-bag bans).",0,,1,"Enacted as an ""ऐन"" (Act) by the Constituent Assembly sitting in the capacity of the Legislature-Parliament under Article 83 of the Interim Constitution of Nepal, 2063 (""नेपालको अन्तरिम संविधान, २०६३ को धारा ८३ बमोजिमको व्यवस्थापिका-संसद्को हैसियतमा संविधान सभाले यो ऐन बनाएको छ""), and subsequently amended twice by Parliament-enacted amendment Acts (2072 B.S. and 2075 B.S.) -> full legislative pedigree = 1 (Legislation).",1,"production, retail, waste management, recycling, agriculture, industry, municipalities, chemicals, health",1,"production, consumption, recycling, disposal, environmental leakage",1,"Section 18(5): revenue collected from the waste-management service fee, together with income earned from private-sector engagement in waste management, shall be kept by the local level under a separate budget heading and spent, subject to prescribed standards, on waste management, environmental protection, and development of the area affected by the waste management site (""यस दफा बमोजिम शुल्कबाट प्राप्त आम्दानी तथा फोहरमैला व्यवस्थापनमा निजी क्षेत्रलाई संलग्न गराउँदा प्राप्त हुने आम्दानी स्थानीय तहले एउटा छुट्टै शीर्षकमा राखी सो रकम तोकिएको मापदण्डको अधीनमा रही फोहरमैलाको व्यवस्थापन, वातावरणीय संरक्षण तथा फोहरमैला व्यवस्थापन स्थल प्रभावित क्षेत्रको विकासमा खर्च गर्नु पर्नेछ""). This is a self-generated, ring-fenced revenue stream created directly by the Act -> coded 1.",1.0,1.00,Waste management,"Section 3: the local level is responsible for constructing and operating the infrastructure needed for waste collection, final disposal and processing -- including transfer stations, sanitary landfill sites, processing plants, composting plants and biogas plants -- and for managing/re-using waste dumped or left at collection centres, transfer centres or processing sites (""फोहरमैलाको व्यवस्थापन गर्न स्थानान्तरण केन्द्र (ट्रान्सफर स्टेशन), ल्याण्डफिल साइट, प्रशोधन प्लाण्ट, कम्पोष्ट प्लाण्ट, बायो ग्याँस प्लाण्ट लगायत फोहरमैलाको सङ्कलन, अन्तिम विसर्जन तथा प्रशोधनका लागि आवश्यक पर्ने पूर्वाधार तथा संरचनाको निर्माण तथा सञ्चालन गर्ने जिम्मेवारी स्थानीय तहको हुनेछ"").",1,0.75,"Authority explicit (local level) (+0.25); monitoring explicit via Section 21 (below, part of the same statutory scheme, which mandates regular monitoring of waste management/disposal work) (+0.25); the duty is stated without an exception (+0.25 unconditional); no specific fine/penalty attaches to the local level itself for failing to build such infrastructure (0).",0.875,"Core mandatory service-delivery/infrastructure obligation assigned to a specific level of government -- more than a mere coordination clause, so scored Regulatory (1.0) rather than the 0.40 procedural/coordination tier per Coding Rule 11's caveat ('unless combined with a higher-scoring instrument type')."
"Solid Waste Management Act, 2068 (2011) (फोहरमैला व्यवस्थापन ऐन, २०६८)",https://faolex.fao.org/docs/pdf/nep137767.pdf,2019,"Preamble: to manage solid waste in a systematic and effective way by minimising it at source, reusing, processing, or properly disposing of it, and to maintain a clean and healthy environment by reducing the adverse effects that waste can have on public health and the environment, through an amended and consolidated law on solid waste management as an essential public service (""फोहरमैलालाई स्रोतमा न्यूनीकरण, पुनः प्रयोग, प्रशोधन वा विसर्जन गरी फोहरमैलाको व्यवस्थित तथा प्रभावकारी व्यवस्थापन गर्न तथा फोहरमैलाबाट जनस्वास्थ्य तथा वातावरणमा पर्न सक्ने प्रतिकूल प्रभावलाई कम गरी स्वच्छ तथा स्वस्थ वातावरण कायम गर्नका लागि फोहरमैला व्यवस्थापन जस्तो अत्यन्त जरुरी सेवा सम्बन्धी कानूनलाई संशोधन र एकीकरण गर्न वाञ्छनीय भएकोले...""). The Act is Nepal's core solid-waste legislation and provides the primary domestic legal basis for regulating plastic waste specifically through Section 38(nna)'s power to ban the production, sale and distribution of Gazette-notified 'excessive-waste-generating' goods (the legal basis used in practice for Nepal's thin-plastic-bag bans).",0,,1,"Enacted as an ""ऐन"" (Act) by the Constituent Assembly sitting in the capacity of the Legislature-Parliament under Article 83 of the Interim Constitution of Nepal, 2063 (""नेपालको अन्तरिम संविधान, २०६३ को धारा ८३ बमोजिमको व्यवस्थापिका-संसद्को हैसियतमा संविधान सभाले यो ऐन बनाएको छ""), and subsequently amended twice by Parliament-enacted amendment Acts (2072 B.S. and 2075 B.S.) -> full legislative pedigree = 1 (Legislation).",1,"production, retail, waste management, recycling, agriculture, industry, municipalities, chemicals, health",1,"production, consumption, recycling, disposal, environmental leakage",1,"Section 18(5): revenue collected from the waste-management service fee, together with income earned from private-sector engagement in waste management, shall be kept by the local level under a separate budget heading and spent, subject to prescribed standards, on waste management, environmental protection, and development of the area affected by the waste management site (""यस दफा बमोजिम शुल्कबाट प्राप्त आम्दानी तथा फोहरमैला व्यवस्थापनमा निजी क्षेत्रलाई संलग्न गराउँदा प्राप्त हुने आम्दानी स्थानीय तहले एउटा छुट्टै शीर्षकमा राखी सो रकम तोकिएको मापदण्डको अधीनमा रही फोहरमैलाको व्यवस्थापन, वातावरणीय संरक्षण तथा फोहरमैला व्यवस्थापन स्थल प्रभावित क्षेत्रको विकासमा खर्च गर्नु पर्नेछ""). This is a self-generated, ring-fenced revenue stream created directly by the Act -> coded 1.",1.0,1.00,Waste management,"Section 4(2)-(3): notwithstanding local-level responsibility generally, the responsibility to process and manage hazardous waste, health-institutional waste, chemical waste and industrial waste rests with the person or institution that generates it, subject to prescribed standards; the local level may (for a fee) manage such waste, or any residue after the generator's own processing, only if requested (""हानिकारक फोहरमैला, स्वास्थ्य संस्थाजन्य फोहरमैला, रासायनिक फोहरमैला वा औद्योगिक फोहरमैला प्रशोधन र व्यवस्थापन गर्ने दायित्व निर्धारित मापदण्डको अधीनमा रही त्यस्तो फोहरमैला उत्पादन गर्ने व्यक्ति वा निकायको हुनेछ"").",1,0.75,"Authority/duty-holder explicit (the generator) (+0.25); enforcement explicit -- Section 38(ट)/(ठ) make improper disposal of such waste an offence carrying fines of NPR 50,000-100,000 (doubled on repeat, Section 39(8)) (+0.25); the duty is stated without an exception (+0.25 unconditional); no explicit routine monitoring mechanism is attached to this specific sub-section (0).",0.875,A generator/polluter-responsibility model for hazardous and industrial waste -- conceptually similar to (though narrower than) extended producer responsibility; scored Regulatory (1.0).
"Solid Waste Management Act, 2068 (2011) (फोहरमैला व्यवस्थापन ऐन, २०६८)",https://faolex.fao.org/docs/pdf/nep137767.pdf,2019,"Preamble: to manage solid waste in a systematic and effective way by minimising it at source, reusing, processing, or properly disposing of it, and to maintain a clean and healthy environment by reducing the adverse effects that waste can have on public health and the environment, through an amended and consolidated law on solid waste management as an essential public service (""फोहरमैलालाई स्रोतमा न्यूनीकरण, पुनः प्रयोग, प्रशोधन वा विसर्जन गरी फोहरमैलाको व्यवस्थित तथा प्रभावकारी व्यवस्थापन गर्न तथा फोहरमैलाबाट जनस्वास्थ्य तथा वातावरणमा पर्न सक्ने प्रतिकूल प्रभावलाई कम गरी स्वच्छ तथा स्वस्थ वातावरण कायम गर्नका लागि फोहरमैला व्यवस्थापन जस्तो अत्यन्त जरुरी सेवा सम्बन्धी कानूनलाई संशोधन र एकीकरण गर्न वाञ्छनीय भएकोले...""). The Act is Nepal's core solid-waste legislation and provides the primary domestic legal basis for regulating plastic waste specifically through Section 38(nna)'s power to ban the production, sale and distribution of Gazette-notified 'excessive-waste-generating' goods (the legal basis used in practice for Nepal's thin-plastic-bag bans).",0,,1,"Enacted as an ""ऐन"" (Act) by the Constituent Assembly sitting in the capacity of the Legislature-Parliament under Article 83 of the Interim Constitution of Nepal, 2063 (""नेपालको अन्तरिम संविधान, २०६३ को धारा ८३ बमोजिमको व्यवस्थापिका-संसद्को हैसियतमा संविधान सभाले यो ऐन बनाएको छ""), and subsequently amended twice by Parliament-enacted amendment Acts (2072 B.S. and 2075 B.S.) -> full legislative pedigree = 1 (Legislation).",1,"production, retail, waste management, recycling, agriculture, industry, municipalities, chemicals, health",1,"production, consumption, recycling, disposal, environmental leakage",1,"Section 18(5): revenue collected from the waste-management service fee, together with income earned from private-sector engagement in waste management, shall be kept by the local level under a separate budget heading and spent, subject to prescribed standards, on waste management, environmental protection, and development of the area affected by the waste management site (""यस दफा बमोजिम शुल्कबाट प्राप्त आम्दानी तथा फोहरमैला व्यवस्थापनमा निजी क्षेत्रलाई संलग्न गराउँदा प्राप्त हुने आम्दानी स्थानीय तहले एउटा छुट्टै शीर्षकमा राखी सो रकम तोकिएको मापदण्डको अधीनमा रही फोहरमैलाको व्यवस्थापन, वातावरणीय संरक्षण तथा फोहरमैला व्यवस्थापन स्थल प्रभावित क्षेत्रको विकासमा खर्च गर्नु पर्नेछ""). This is a self-generated, ring-fenced revenue stream created directly by the Act -> coded 1.",1.0,1.00,Recycling,"Section 6: the local level shall classify waste at source into at least organic and inorganic categories and shall prescribe mandatory source segregation for every waste-generating person, institution or body (""स्थानीय तहले फोहरमैलालाई कम्तीमा जैविक र अजैविक लगायत विभिन्न प्रकारमा विभाजन गरी स्रोतमै छुट्टाउने गरी तोक्नु पर्नेछ""); the local level must provide the necessary technology, materials, equipment and containers for this purpose.",1,1.00,"Authority explicit (local level) (+0.25); enforcement explicit -- mixing waste without source segregation is an offence under Section 38(थ), punishable by a fine of NPR 500 per occurrence under Section 39(11) (+0.25); the local level is required to supply the tools/containers needed to comply, evidencing an implementation/monitoring infrastructure (+0.25 monitoring/support mechanism); the duty is stated without an exception (+0.25 unconditional).",1.00,"The clearest, most fully-implemented source-segregation mandate found across all four Nepali instruments coded so far -- carries its own dedicated criminal-offence backing."
"Solid Waste Management Act, 2068 (2011) (फोहरमैला व्यवस्थापन ऐन, २०६८)",https://faolex.fao.org/docs/pdf/nep137767.pdf,2019,"Preamble: to manage solid waste in a systematic and effective way by minimising it at source, reusing, processing, or properly disposing of it, and to maintain a clean and healthy environment by reducing the adverse effects that waste can have on public health and the environment, through an amended and consolidated law on solid waste management as an essential public service (""फोहरमैलालाई स्रोतमा न्यूनीकरण, पुनः प्रयोग, प्रशोधन वा विसर्जन गरी फोहरमैलाको व्यवस्थित तथा प्रभावकारी व्यवस्थापन गर्न तथा फोहरमैलाबाट जनस्वास्थ्य तथा वातावरणमा पर्न सक्ने प्रतिकूल प्रभावलाई कम गरी स्वच्छ तथा स्वस्थ वातावरण कायम गर्नका लागि फोहरमैला व्यवस्थापन जस्तो अत्यन्त जरुरी सेवा सम्बन्धी कानूनलाई संशोधन र एकीकरण गर्न वाञ्छनीय भएकोले...""). The Act is Nepal's core solid-waste legislation and provides the primary domestic legal basis for regulating plastic waste specifically through Section 38(nna)'s power to ban the production, sale and distribution of Gazette-notified 'excessive-waste-generating' goods (the legal basis used in practice for Nepal's thin-plastic-bag bans).",0,,1,"Enacted as an ""ऐन"" (Act) by the Constituent Assembly sitting in the capacity of the Legislature-Parliament under Article 83 of the Interim Constitution of Nepal, 2063 (""नेपालको अन्तरिम संविधान, २०६३ को धारा ८३ बमोजिमको व्यवस्थापिका-संसद्को हैसियतमा संविधान सभाले यो ऐन बनाएको छ""), and subsequently amended twice by Parliament-enacted amendment Acts (2072 B.S. and 2075 B.S.) -> full legislative pedigree = 1 (Legislation).",1,"production, retail, waste management, recycling, agriculture, industry, municipalities, chemicals, health",1,"production, consumption, recycling, disposal, environmental leakage",1,"Section 18(5): revenue collected from the waste-management service fee, together with income earned from private-sector engagement in waste management, shall be kept by the local level under a separate budget heading and spent, subject to prescribed standards, on waste management, environmental protection, and development of the area affected by the waste management site (""यस दफा बमोजिम शुल्कबाट प्राप्त आम्दानी तथा फोहरमैला व्यवस्थापनमा निजी क्षेत्रलाई संलग्न गराउँदा प्राप्त हुने आम्दानी स्थानीय तहले एउटा छुट्टै शीर्षकमा राखी सो रकम तोकिएको मापदण्डको अधीनमा रही फोहरमैलाको व्यवस्थापन, वातावरणीय संरक्षण तथा फोहरमैला व्यवस्थापन स्थल प्रभावित क्षेत्रको विकासमा खर्च गर्नु पर्नेछ""). This is a self-generated, ring-fenced revenue stream created directly by the Act -> coded 1.",1.0,1.00,Waste management,"Section 7(3): hazardous waste and chemical waste shall not be permitted to be disposed of at collection centres or transfer centres (""हानिकारक फोहरमैला वा रासायनिक फोहोरमैला सङ्कलन केन्द्र र स्थानान्तरण केन्द्रमा निष्काशन गर्न पाइने छैनन्""); Section 7(2) additionally requires that any person, institution or body generating hazardous or chemical waste must manage it as prescribed.",1,0.75,"Authority for prescribing management standards is implicit in the Ministry/local-level standard-setting powers used throughout the Act (+0.25); enforcement explicit via the Section 38(ट)/(ठ) offence and NPR 50,000-100,000 fine regime for improper hazardous/chemical waste disposal (Section 39(8)) (+0.25); the prohibition is stated without an exception (+0.25 unconditional); no explicit standalone monitoring mechanism is named for this specific sub-section (0).",0.875,A direct statutory ban on mixing hazardous/chemical waste into the ordinary municipal solid-waste stream.
"Solid Waste Management Act, 2068 (2011) (फोहरमैला व्यवस्थापन ऐन, २०६८)",https://faolex.fao.org/docs/pdf/nep137767.pdf,2019,"Preamble: to manage solid waste in a systematic and effective way by minimising it at source, reusing, processing, or properly disposing of it, and to maintain a clean and healthy environment by reducing the adverse effects that waste can have on public health and the environment, through an amended and consolidated law on solid waste management as an essential public service (""फोहरमैलालाई स्रोतमा न्यूनीकरण, पुनः प्रयोग, प्रशोधन वा विसर्जन गरी फोहरमैलाको व्यवस्थित तथा प्रभावकारी व्यवस्थापन गर्न तथा फोहरमैलाबाट जनस्वास्थ्य तथा वातावरणमा पर्न सक्ने प्रतिकूल प्रभावलाई कम गरी स्वच्छ तथा स्वस्थ वातावरण कायम गर्नका लागि फोहरमैला व्यवस्थापन जस्तो अत्यन्त जरुरी सेवा सम्बन्धी कानूनलाई संशोधन र एकीकरण गर्न वाञ्छनीय भएकोले...""). The Act is Nepal's core solid-waste legislation and provides the primary domestic legal basis for regulating plastic waste specifically through Section 38(nna)'s power to ban the production, sale and distribution of Gazette-notified 'excessive-waste-generating' goods (the legal basis used in practice for Nepal's thin-plastic-bag bans).",0,,1,"Enacted as an ""ऐन"" (Act) by the Constituent Assembly sitting in the capacity of the Legislature-Parliament under Article 83 of the Interim Constitution of Nepal, 2063 (""नेपालको अन्तरिम संविधान, २०६३ को धारा ८३ बमोजिमको व्यवस्थापिका-संसद्को हैसियतमा संविधान सभाले यो ऐन बनाएको छ""), and subsequently amended twice by Parliament-enacted amendment Acts (2072 B.S. and 2075 B.S.) -> full legislative pedigree = 1 (Legislation).",1,"production, retail, waste management, recycling, agriculture, industry, municipalities, chemicals, health",1,"production, consumption, recycling, disposal, environmental leakage",1,"Section 18(5): revenue collected from the waste-management service fee, together with income earned from private-sector engagement in waste management, shall be kept by the local level under a separate budget heading and spent, subject to prescribed standards, on waste management, environmental protection, and development of the area affected by the waste management site (""यस दफा बमोजिम शुल्कबाट प्राप्त आम्दानी तथा फोहरमैला व्यवस्थापनमा निजी क्षेत्रलाई संलग्न गराउँदा प्राप्त हुने आम्दानी स्थानीय तहले एउटा छुट्टै शीर्षकमा राखी सो रकम तोकिएको मापदण्डको अधीनमा रही फोहरमैलाको व्यवस्थापन, वातावरणीय संरक्षण तथा फोहरमैला व्यवस्थापन स्थल प्रभावित क्षेत्रको विकासमा खर्च गर्नु पर्नेछ""). This is a self-generated, ring-fenced revenue stream created directly by the Act -> coded 1.",1.0,1.00,Recycling,"Section 10: the local level shall carry out necessary work to encourage waste minimisation, reuse and recycling, and may prepare and enforce guidelines for their effective implementation (""स्थानीय तहले फोहरमैला न्यूनीकरण, पुनः प्रयोग तथा पुनः चक्रीय प्रयोगलाई प्रोत्साहन गर्न आवश्यक कार्य गर्नेछ""); Section 10(2) allows the local level to coordinate with industries that reuse their own packaging waste as an input, in order to reduce waste volumes.",1,0.50,Authority explicit (local level) (+0.25); no explicit fine/penalty is attached specifically to a failure to promote reuse/recycling (0); no explicit monitoring mechanism is named for this provision on its own (0); framed without an exemption (+0.25 unconditional).,0.75,"Combines a mandatory promotional duty (""शल गर्नेछ"") with a discretionary guideline-issuing power; the highest applicable score (Regulatory, given the mandatory duty) is used per Coding Rule 10."
"Solid Waste Management Act, 2068 (2011) (फोहरमैला व्यवस्थापन ऐन, २०६८)",https://faolex.fao.org/docs/pdf/nep137767.pdf,2019,"Preamble: to manage solid waste in a systematic and effective way by minimising it at source, reusing, processing, or properly disposing of it, and to maintain a clean and healthy environment by reducing the adverse effects that waste can have on public health and the environment, through an amended and consolidated law on solid waste management as an essential public service (""फोहरमैलालाई स्रोतमा न्यूनीकरण, पुनः प्रयोग, प्रशोधन वा विसर्जन गरी फोहरमैलाको व्यवस्थित तथा प्रभावकारी व्यवस्थापन गर्न तथा फोहरमैलाबाट जनस्वास्थ्य तथा वातावरणमा पर्न सक्ने प्रतिकूल प्रभावलाई कम गरी स्वच्छ तथा स्वस्थ वातावरण कायम गर्नका लागि फोहरमैला व्यवस्थापन जस्तो अत्यन्त जरुरी सेवा सम्बन्धी कानूनलाई संशोधन र एकीकरण गर्न वाञ्छनीय भएकोले...""). The Act is Nepal's core solid-waste legislation and provides the primary domestic legal basis for regulating plastic waste specifically through Section 38(nna)'s power to ban the production, sale and distribution of Gazette-notified 'excessive-waste-generating' goods (the legal basis used in practice for Nepal's thin-plastic-bag bans).",0,,1,"Enacted as an ""ऐन"" (Act) by the Constituent Assembly sitting in the capacity of the Legislature-Parliament under Article 83 of the Interim Constitution of Nepal, 2063 (""नेपालको अन्तरिम संविधान, २०६३ को धारा ८३ बमोजिमको व्यवस्थापिका-संसद्को हैसियतमा संविधान सभाले यो ऐन बनाएको छ""), and subsequently amended twice by Parliament-enacted amendment Acts (2072 B.S. and 2075 B.S.) -> full legislative pedigree = 1 (Legislation).",1,"production, retail, waste management, recycling, agriculture, industry, municipalities, chemicals, health",1,"production, consumption, recycling, disposal, environmental leakage",1,"Section 18(5): revenue collected from the waste-management service fee, together with income earned from private-sector engagement in waste management, shall be kept by the local level under a separate budget heading and spent, subject to prescribed standards, on waste management, environmental protection, and development of the area affected by the waste management site (""यस दफा बमोजिम शुल्कबाट प्राप्त आम्दानी तथा फोहरमैला व्यवस्थापनमा निजी क्षेत्रलाई संलग्न गराउँदा प्राप्त हुने आम्दानी स्थानीय तहले एउटा छुट्टै शीर्षकमा राखी सो रकम तोकिएको मापदण्डको अधीनमा रही फोहरमैलाको व्यवस्थापन, वातावरणीय संरक्षण तथा फोहरमैला व्यवस्थापन स्थल प्रभावित क्षेत्रको विकासमा खर्च गर्नु पर्नेछ""). This is a self-generated, ring-fenced revenue stream created directly by the Act -> coded 1.",1.0,1.00,Waste management,"Sections 13-17: no person may carry out waste-management work without the local level's permission (Section 13(1)); private (domestic or foreign) companies and community/non-governmental organisations may apply for and be granted permits to undertake waste management (Section 13(2)-(3)); the local level may engage such permitted private/community actors through competitive tendering, based on criteria including the fee offered to the local level, technical and financial capacity, and environmental-impact mitigation (Sections 14-15); royalties may be charged where the permit holder profits from waste reuse/processing/recycling (Section 15(2)(च)); and the local level monitors compliance with prescribed environmental standards, with power to revoke approval for non-compliance (Section 16(2)-(3)).",1,1.00,"Authority explicit (local level as permitting/contracting body) (+0.25); enforcement explicit -- undertaking waste-management work without a permit, or breaching permit conditions, is an offence under Section 38(घ)/(ङ) with fines of NPR 15,000-50,000 and suspension of work until a permit is obtained (Section 39(4)), and approval can be revoked for standards non-compliance (Section 16(3)) (+0.25); monitoring explicit (local level monitors standards compliance under Section 16(2)) (+0.25); the permit requirement applies to all private/community actors with no stated exemption (+0.25 unconditional).",1.00,"Combines a Regulatory permit requirement with Economic-incentive elements (competitive tendering, royalties/fees) -- per Coding Rule 10, the highest score (Regulatory, 1.0) is used and the dual economic nature is flagged here."
"Solid Waste Management Act, 2068 (2011) (फोहरमैला व्यवस्थापन ऐन, २०६८)",https://faolex.fao.org/docs/pdf/nep137767.pdf,2019,"Preamble: to manage solid waste in a systematic and effective way by minimising it at source, reusing, processing, or properly disposing of it, and to maintain a clean and healthy environment by reducing the adverse effects that waste can have on public health and the environment, through an amended and consolidated law on solid waste management as an essential public service (""फोहरमैलालाई स्रोतमा न्यूनीकरण, पुनः प्रयोग, प्रशोधन वा विसर्जन गरी फोहरमैलाको व्यवस्थित तथा प्रभावकारी व्यवस्थापन गर्न तथा फोहरमैलाबाट जनस्वास्थ्य तथा वातावरणमा पर्न सक्ने प्रतिकूल प्रभावलाई कम गरी स्वच्छ तथा स्वस्थ वातावरण कायम गर्नका लागि फोहरमैला व्यवस्थापन जस्तो अत्यन्त जरुरी सेवा सम्बन्धी कानूनलाई संशोधन र एकीकरण गर्न वाञ्छनीय भएकोले...""). The Act is Nepal's core solid-waste legislation and provides the primary domestic legal basis for regulating plastic waste specifically through Section 38(nna)'s power to ban the production, sale and distribution of Gazette-notified 'excessive-waste-generating' goods (the legal basis used in practice for Nepal's thin-plastic-bag bans).",0,,1,"Enacted as an ""ऐन"" (Act) by the Constituent Assembly sitting in the capacity of the Legislature-Parliament under Article 83 of the Interim Constitution of Nepal, 2063 (""नेपालको अन्तरिम संविधान, २०६३ को धारा ८३ बमोजिमको व्यवस्थापिका-संसद्को हैसियतमा संविधान सभाले यो ऐन बनाएको छ""), and subsequently amended twice by Parliament-enacted amendment Acts (2072 B.S. and 2075 B.S.) -> full legislative pedigree = 1 (Legislation).",1,"production, retail, waste management, recycling, agriculture, industry, municipalities, chemicals, health",1,"production, consumption, recycling, disposal, environmental leakage",1,"Section 18(5): revenue collected from the waste-management service fee, together with income earned from private-sector engagement in waste management, shall be kept by the local level under a separate budget heading and spent, subject to prescribed standards, on waste management, environmental protection, and development of the area affected by the waste management site (""यस दफा बमोजिम शुल्कबाट प्राप्त आम्दानी तथा फोहरमैला व्यवस्थापनमा निजी क्षेत्रलाई संलग्न गराउँदा प्राप्त हुने आम्दानी स्थानीय तहले एउटा छुट्टै शीर्षकमा राखी सो रकम तोकिएको मापदण्डको अधीनमा रही फोहरमैलाको व्यवस्थापन, वातावरणीय संरक्षण तथा फोहरमैला व्यवस्थापन स्थल प्रभावित क्षेत्रको विकासमा खर्च गर्नु पर्नेछ""). This is a self-generated, ring-fenced revenue stream created directly by the Act -> coded 1.",1.0,0.60,Waste management,"Section 18: the local level may levy and collect a waste-management service fee from the relevant person, institution or body, based on the quantity, weight and nature of the waste and other prescribed factors (Section 18(1)-(2)); Section 19 allows the local level to suspend the waste-collection service to non-paying customers; and (per Column N above) Section 18(5) ring-fences the resulting revenue for waste management, environmental protection and development of areas affected by waste-management sites, while a proviso to Section 18 requires prescribed discounts for economically disadvantaged groups.",1,0.50,"Authority explicit (local level) (+0.25); enforcement explicit -- service suspension for non-payment under Section 19, plus (Section 40) power to write to relevant agencies to suspend the non-payer's electricity/telephone service and freeze property transactions (+0.25); no distinct monitoring mechanism is specified for the fee-collection process itself (0); NOT scored unconditional because the Act itself carves out a mandatory fee discount/exemption for economically disadvantaged groups (0).",0.55,A textbook economic-incentive/user-fee instrument with a statutorily ring-fenced use of proceeds -- the primary evidentiary basis for Column M/N of this policy's budget coding.
"Solid Waste Management Act, 2068 (2011) (फोहरमैला व्यवस्थापन ऐन, २०६८)",https://faolex.fao.org/docs/pdf/nep137767.pdf,2019,"Preamble: to manage solid waste in a systematic and effective way by minimising it at source, reusing, processing, or properly disposing of it, and to maintain a clean and healthy environment by reducing the adverse effects that waste can have on public health and the environment, through an amended and consolidated law on solid waste management as an essential public service (""फोहरमैलालाई स्रोतमा न्यूनीकरण, पुनः प्रयोग, प्रशोधन वा विसर्जन गरी फोहरमैलाको व्यवस्थित तथा प्रभावकारी व्यवस्थापन गर्न तथा फोहरमैलाबाट जनस्वास्थ्य तथा वातावरणमा पर्न सक्ने प्रतिकूल प्रभावलाई कम गरी स्वच्छ तथा स्वस्थ वातावरण कायम गर्नका लागि फोहरमैला व्यवस्थापन जस्तो अत्यन्त जरुरी सेवा सम्बन्धी कानूनलाई संशोधन र एकीकरण गर्न वाञ्छनीय भएकोले...""). The Act is Nepal's core solid-waste legislation and provides the primary domestic legal basis for regulating plastic waste specifically through Section 38(nna)'s power to ban the production, sale and distribution of Gazette-notified 'excessive-waste-generating' goods (the legal basis used in practice for Nepal's thin-plastic-bag bans).",0,,1,"Enacted as an ""ऐन"" (Act) by the Constituent Assembly sitting in the capacity of the Legislature-Parliament under Article 83 of the Interim Constitution of Nepal, 2063 (""नेपालको अन्तरिम संविधान, २०६३ को धारा ८३ बमोजिमको व्यवस्थापिका-संसद्को हैसियतमा संविधान सभाले यो ऐन बनाएको छ""), and subsequently amended twice by Parliament-enacted amendment Acts (2072 B.S. and 2075 B.S.) -> full legislative pedigree = 1 (Legislation).",1,"production, retail, waste management, recycling, agriculture, industry, municipalities, chemicals, health",1,"production, consumption, recycling, disposal, environmental leakage",1,"Section 18(5): revenue collected from the waste-management service fee, together with income earned from private-sector engagement in waste management, shall be kept by the local level under a separate budget heading and spent, subject to prescribed standards, on waste management, environmental protection, and development of the area affected by the waste management site (""यस दफा बमोजिम शुल्कबाट प्राप्त आम्दानी तथा फोहरमैला व्यवस्थापनमा निजी क्षेत्रलाई संलग्न गराउँदा प्राप्त हुने आम्दानी स्थानीय तहले एउटा छुट्टै शीर्षकमा राखी सो रकम तोकिएको मापदण्डको अधीनमा रही फोहरमैलाको व्यवस्थापन, वातावरणीय संरक्षण तथा फोहरमैला व्यवस्थापन स्थल प्रभावित क्षेत्रको विकासमा खर्च गर्नु पर्नेछ""). This is a self-generated, ring-fenced revenue stream created directly by the Act -> coded 1.",1.0,1.00,Waste management,"Section 20: the local level has a duty to manage waste generated within its area in a pollution-free manner, minimising as far as possible any adverse environmental effect (""आफ्नो क्षेत्रभित्र सङ्कलित फोहरमैलाबाट सो क्षेत्रमा पर्न सक्ने प्रतिकूल वातावरणीय प्रभावलाई यथाशक्य कम गरी प्रदूषणरहित ढङ्गले व्यवस्थापन गर्ने दायित्व स्थानीय तहको हुनेछ"") and must comply with the standards prescribed under the Act when disposing of and managing collected waste (Section 20(3)). Section 21 separately requires the local level to regularly monitor waste-management and disposal activities, and to act on the findings of that monitoring.",1,0.75,"Authority explicit (local level) (+0.25); monitoring explicit and mandatory (Section 21(1): ""स्थानीय तहले फोहरमैला व्यवस्थापन तथा निष्काशन कार्यको नियमित अनुगमन गर्नु वा गराउनु पर्नेछ"") (+0.25); the duties are stated without an exemption, though qualified by ""यथाशक्य"" (""as far as possible"") for the pollution-minimisation limb specifically, which slightly softens unconditionality (0 for this sub-score, on balance); no distinct fine/penalty attaches to this general duty itself as opposed to the specific waste-disposal offences elsewhere in the Act (0).",0.875,"Combines a general pollution-control duty with an explicit, standalone statutory monitoring obligation on the local level -- one of the strongest monitoring provisions found in any of the four instruments coded across these Nepali policies."
"Solid Waste Management Act, 2068 (2011) (फोहरमैला व्यवस्थापन ऐन, २०६८)",https://faolex.fao.org/docs/pdf/nep137767.pdf,2019,"Preamble: to manage solid waste in a systematic and effective way by minimising it at source, reusing, processing, or properly disposing of it, and to maintain a clean and healthy environment by reducing the adverse effects that waste can have on public health and the environment, through an amended and consolidated law on solid waste management as an essential public service (""फोहरमैलालाई स्रोतमा न्यूनीकरण, पुनः प्रयोग, प्रशोधन वा विसर्जन गरी फोहरमैलाको व्यवस्थित तथा प्रभावकारी व्यवस्थापन गर्न तथा फोहरमैलाबाट जनस्वास्थ्य तथा वातावरणमा पर्न सक्ने प्रतिकूल प्रभावलाई कम गरी स्वच्छ तथा स्वस्थ वातावरण कायम गर्नका लागि फोहरमैला व्यवस्थापन जस्तो अत्यन्त जरुरी सेवा सम्बन्धी कानूनलाई संशोधन र एकीकरण गर्न वाञ्छनीय भएकोले...""). The Act is Nepal's core solid-waste legislation and provides the primary domestic legal basis for regulating plastic waste specifically through Section 38(nna)'s power to ban the production, sale and distribution of Gazette-notified 'excessive-waste-generating' goods (the legal basis used in practice for Nepal's thin-plastic-bag bans).",0,,1,"Enacted as an ""ऐन"" (Act) by the Constituent Assembly sitting in the capacity of the Legislature-Parliament under Article 83 of the Interim Constitution of Nepal, 2063 (""नेपालको अन्तरिम संविधान, २०६३ को धारा ८३ बमोजिमको व्यवस्थापिका-संसद्को हैसियतमा संविधान सभाले यो ऐन बनाएको छ""), and subsequently amended twice by Parliament-enacted amendment Acts (2072 B.S. and 2075 B.S.) -> full legislative pedigree = 1 (Legislation).",1,"production, retail, waste management, recycling, agriculture, industry, municipalities, chemicals, health",1,"production, consumption, recycling, disposal, environmental leakage",1,"Section 18(5): revenue collected from the waste-management service fee, together with income earned from private-sector engagement in waste management, shall be kept by the local level under a separate budget heading and spent, subject to prescribed standards, on waste management, environmental protection, and development of the area affected by the waste management site (""यस दफा बमोजिम शुल्कबाट प्राप्त आम्दानी तथा फोहरमैला व्यवस्थापनमा निजी क्षेत्रलाई संलग्न गराउँदा प्राप्त हुने आम्दानी स्थानीय तहले एउटा छुट्टै शीर्षकमा राखी सो रकम तोकिएको मापदण्डको अधीनमा रही फोहरमैलाको व्यवस्थापन, वातावरणीय संरक्षण तथा फोहरमैला व्यवस्थापन स्थल प्रभावित क्षेत्रको विकासमा खर्च गर्नु पर्नेछ""). This is a self-generated, ring-fenced revenue stream created directly by the Act -> coded 1.",1.0,0.40,Waste management,"Sections 23-25: establishes a national Solid Waste Management Council (फोहरमैला व्यवस्थापन परिषद्), chaired by the Minister for Local Development, with members drawn from the Ministries of Physical Planning & Construction, Industry, Environment, Health & Population, Local Development, the National Planning Commission Secretariat, the Mayor of Kathmandu Metropolitan City, five municipal-mayor representatives, local-government association representatives, an NGO/community representative, private-sector (FNCCI) representative, and technical experts. Section 24 mandates the Council to formulate national waste-management policy for government approval, coordinate among concerned agencies, approve fee-setting standards for uniformity across local levels, and determine co-investment shares.",1,0.50,Authority/institution explicit with defined composition and functions (+0.25); the Council's establishment and functions are stated in mandatory terms with no stated exception (+0.25 unconditional); no explicit enforcement power or dedicated monitoring duty is attributed to the Council itself in these sections (0+0).,0.75,"A national multi-stakeholder coordination/institutional body -- matches the Procedural (0.40) tier's own worked example almost exactly (""a new plastic management board or any other institution"")."
"Solid Waste Management Act, 2068 (2011) (फोहरमैला व्यवस्थापन ऐन, २०६८)",https://faolex.fao.org/docs/pdf/nep137767.pdf,2019,"Preamble: to manage solid waste in a systematic and effective way by minimising it at source, reusing, processing, or properly disposing of it, and to maintain a clean and healthy environment by reducing the adverse effects that waste can have on public health and the environment, through an amended and consolidated law on solid waste management as an essential public service (""फोहरमैलालाई स्रोतमा न्यूनीकरण, पुनः प्रयोग, प्रशोधन वा विसर्जन गरी फोहरमैलाको व्यवस्थित तथा प्रभावकारी व्यवस्थापन गर्न तथा फोहरमैलाबाट जनस्वास्थ्य तथा वातावरणमा पर्न सक्ने प्रतिकूल प्रभावलाई कम गरी स्वच्छ तथा स्वस्थ वातावरण कायम गर्नका लागि फोहरमैला व्यवस्थापन जस्तो अत्यन्त जरुरी सेवा सम्बन्धी कानूनलाई संशोधन र एकीकरण गर्न वाञ्छनीय भएकोले...""). The Act is Nepal's core solid-waste legislation and provides the primary domestic legal basis for regulating plastic waste specifically through Section 38(nna)'s power to ban the production, sale and distribution of Gazette-notified 'excessive-waste-generating' goods (the legal basis used in practice for Nepal's thin-plastic-bag bans).",0,,1,"Enacted as an ""ऐन"" (Act) by the Constituent Assembly sitting in the capacity of the Legislature-Parliament under Article 83 of the Interim Constitution of Nepal, 2063 (""नेपालको अन्तरिम संविधान, २०६३ को धारा ८३ बमोजिमको व्यवस्थापिका-संसद्को हैसियतमा संविधान सभाले यो ऐन बनाएको छ""), and subsequently amended twice by Parliament-enacted amendment Acts (2072 B.S. and 2075 B.S.) -> full legislative pedigree = 1 (Legislation).",1,"production, retail, waste management, recycling, agriculture, industry, municipalities, chemicals, health",1,"production, consumption, recycling, disposal, environmental leakage",1,"Section 18(5): revenue collected from the waste-management service fee, together with income earned from private-sector engagement in waste management, shall be kept by the local level under a separate budget heading and spent, subject to prescribed standards, on waste management, environmental protection, and development of the area affected by the waste management site (""यस दफा बमोजिम शुल्कबाट प्राप्त आम्दानी तथा फोहरमैला व्यवस्थापनमा निजी क्षेत्रलाई संलग्न गराउँदा प्राप्त हुने आम्दानी स्थानीय तहले एउटा छुट्टै शीर्षकमा राखी सो रकम तोकिएको मापदण्डको अधीनमा रही फोहरमैलाको व्यवस्थापन, वातावरणीय संरक्षण तथा फोहरमैला व्यवस्थापन स्थल प्रभावित क्षेत्रको विकासमा खर्च गर्नु पर्नेछ""). This is a self-generated, ring-fenced revenue stream created directly by the Act -> coded 1.",1.0,1.00,Production,"Section 38(ण): it is an offence to produce, sell or distribute any goods that the Government of Nepal has, by notice published in the Nepal Gazette, banned as being goods that cause excessive waste generation (""फोहरमैला अत्यधिक उत्पादन हुने वस्तु भनी नेपाल सरकारले नेपाल राजपत्रमा सूचना प्रकाशन गरी प्रतिबन्ध लगाएको कुनै वस्तुको उत्पादन तथा बिक्री वितरण गर्ने""); Section 39(10) empowers the Chief District Officer to fine an offender NPR 5,000-10,000 and/or imprison them for up to 3 months for breach of any such ban.",1,0.75,Authority explicit (Government of Nepal designates banned goods by Gazette notice; Chief District Officer enforces) (+0.25); enforcement explicit (fine and/or imprisonment under Section 39(10)) (+0.25); the ban applies to whatever goods are gazetted with no further statutory exemption (+0.25 unconditional); no explicit monitoring/inspection mechanism is attached to this specific offence clause (0).,0.875,"This is the specific statutory hook by which Nepal has, in practice, banned thin single-use plastic bags: the underlying power is an enabling one (a ban only exists once the Government of Nepal has gazetted a specific product as an 'excessive-waste-generating good'), but it has been operationalised through subordinate instruments -- most recently the Plastic Bags (Regulation and Control) Directive, 2082 (2025/26) issued by the Ministry of Forests and Environment -- so it is coded in force (S=1) per Rule 12's test for an enabling power that has already been exercised. This is the only provision across the four Nepali instruments coded so far that maps onto a conventional single-use-plastic ban; recommend cross-referencing the Plastic Bags (Regulation and Control) Directive, 2082 as a distinct subordinate instrument in any future update to this index."
